aaA,aaB,count
ALA,ALA,516.0
ALA,ARG,842.0
ALA,ASN,399.0
ALA,ASP,391.0
ALA,CYS,129.0
ALA,GLN,530.0
ALA,GLU,624.0
ALA,GLY,361.0
ALA,HIS,356.0
ALA,ILE,716.0
ALA,LEU,1458.0
ALA,LYS,610.0
ALA,MET,330.0
ALA,PHE,672.0
ALA,PRO,443.0
ALA,SER,451.0
ALA,THR,496.0
ALA,TRP,186.0
ALA,TYR,554.0
ALA,VAL,642.0
ARG,ALA,842.0
ARG,ARG,1692.0
ARG,ASN,996.0
ARG,ASP,1989.0
ARG,CYS,242.0
ARG,GLN,1273.0
ARG,GLU,2838.0
ARG,GLY,895.0
ARG,HIS,634.0
ARG,ILE,929.0
ARG,LEU,2005.0
ARG,LYS,1223.0
ARG,MET,560.0
ARG,PHE,919.0
ARG,PRO,992.0
ARG,SER,1372.0
ARG,THR,1086.0
ARG,TRP,318.0
ARG,TYR,1276.0
ARG,VAL,976.0
ASN,ALA,399.0
ASN,ARG,996.0
ASN,ASN,624.0
ASN,ASP,615.0
ASN,CYS,134.0
ASN,GLN,650.0
ASN,GLU,879.0
ASN,GLY,472.0
ASN,HIS,338.0
ASN,ILE,397.0
ASN,LEU,923.0
ASN,LYS,769.0
ASN,MET,288.0
ASN,PHE,485.0
ASN,PRO,406.0
ASN,SER,684.0
ASN,THR,507.0
ASN,TRP,148.0
ASN,TYR,509.0
ASN,VAL,489.0
ASP,ALA,391.0
ASP,ARG,1989.0
ASP,ASN,615.0
ASP,ASP,414.0
ASP,CYS,106.0
ASP,GLN,746.0
ASP,GLU,600.0
ASP,GLY,437.0
ASP,HIS,482.0
ASP,ILE,403.0
ASP,LEU,808.0
ASP,LYS,1604.0
ASP,MET,277.0
ASP,PHE,415.0
ASP,PRO,445.0
ASP,SER,629.0
ASP,THR,505.0
ASP,TRP,146.0
ASP,TYR,535.0
ASP,VAL,437.0
CYS,ALA,129.0
CYS,ARG,242.0
CYS,ASN,134.0
CYS,ASP,106.0
CYS,CYS,124.0
CYS,GLN,131.0
CYS,GLU,168.0
CYS,GLY,103.0
CYS,HIS,110.0
CYS,ILE,211.0
CYS,LEU,361.0
CYS,LYS,173.0
CYS,MET,89.0
CYS,PHE,200.0
CYS,PRO,114.0
CYS,SER,148.0
CYS,THR,127.0
CYS,TRP,52.0
CYS,TYR,164.0
CYS,VAL,170.0
GLN,ALA,530.0
GLN,ARG,1273.0
GLN,ASN,650.0
GLN,ASP,746.0
GLN,CYS,131.0
GLN,GLN,928.0
GLN,GLU,981.0
GLN,GLY,480.0
GLN,HIS,350.0
GLN,ILE,607.0
GLN,LEU,1324.0
GLN,LYS,967.0
GLN,MET,318.0
GLN,PHE,566.0
GLN,PRO,544.0
GLN,SER,716.0
GLN,THR,633.0
GLN,TRP,191.0
GLN,TYR,628.0
GLN,VAL,640.0
GLU,ALA,624.0
GLU,ARG,2838.0
GLU,ASN,879.0
GLU,ASP,600.0
GLU,CYS,168.0
GLU,GLN,981.0
GLU,GLU,942.0
GLU,GLY,628.0
GLU,HIS,598.0
GLU,ILE,745.0
GLU,LEU,1557.0
GLU,LYS,2249.0
GLU,MET,437.0
GLU,PHE,651.0
GLU,PRO,654.0
GLU,SER,898.0
GLU,THR,753.0
GLU,TRP,264.0
GLU,TYR,790.0
GLU,VAL,719.0
GLY,ALA,361.0
GLY,ARG,895.0
GLY,ASN,472.0
GLY,ASP,437.0
GLY,CYS,103.0
GLY,GLN,480.0
GLY,GLU,628.0
GLY,GLY,440.0
GLY,HIS,322.0
GLY,ILE,405.0
GLY,LEU,783.0
GLY,LYS,690.0
GLY,MET,200.0
GLY,PHE,478.0
GLY,PRO,362.0
GLY,SER,467.0
GLY,THR,402.0
GLY,TRP,178.0
GLY,TYR,461.0
GLY,VAL,457.0
HIS,ALA,356.0
HIS,ARG,634.0
HIS,ASN,338.0
HIS,ASP,482.0
HIS,CYS,110.0
HIS,GLN,350.0
HIS,GLU,598.0
HIS,GLY,322.0
HIS,HIS,268.0
HIS,ILE,407.0
HIS,LEU,737.0
HIS,LYS,454.0
HIS,MET,185.0
HIS,PHE,374.0
HIS,PRO,344.0
HIS,SER,468.0
HIS,THR,453.0
HIS,TRP,121.0
HIS,TYR,421.0
HIS,VAL,414.0
ILE,ALA,716.0
ILE,ARG,929.0
ILE,ASN,397.0
ILE,ASP,403.0
ILE,CYS,211.0
ILE,GLN,607.0
ILE,GLU,745.0
ILE,GLY,405.0
ILE,HIS,407.0
ILE,ILE,1514.0
ILE,LEU,2559.0
ILE,LYS,744.0
ILE,MET,584.0
ILE,PHE,1048.0
ILE,PRO,535.0
ILE,SER,565.0
ILE,THR,713.0
ILE,TRP,331.0
ILE,TYR,737.0
ILE,VAL,1250.0
LEU,ALA,1458.0
LEU,ARG,2005.0
LEU,ASN,923.0
LEU,ASP,808.0
LEU,CYS,361.0
LEU,GLN,1324.0
LEU,GLU,1557.0
LEU,GLY,783.0
LEU,HIS,737.0
LEU,ILE,2559.0
LEU,LEU,5930.0
LEU,LYS,1627.0
LEU,MET,1041.0
LEU,PHE,1914.0
LEU,PRO,974.0
LEU,SER,1074.0
LEU,THR,1270.0
LEU,TRP,521.0
LEU,TYR,1396.0
LEU,VAL,2281.0
LYS,ALA,610.0
LYS,ARG,1223.0
LYS,ASN,769.0
LYS,ASP,1604.0
LYS,CYS,173.0
LYS,GLN,967.0
LYS,GLU,2249.0
LYS,GLY,690.0
LYS,HIS,454.0
LYS,ILE,744.0
LYS,LEU,1627.0
LYS,LYS,1028.0
LYS,MET,400.0
LYS,PHE,721.0
LYS,PRO,644.0
LYS,SER,1021.0
LYS,THR,782.0
LYS,TRP,211.0
LYS,TYR,817.0
LYS,VAL,748.0
MET,ALA,330.0
MET,ARG,560.0
MET,ASN,288.0
MET,ASP,277.0
MET,CYS,89.0
MET,GLN,318.0
MET,GLU,437.0
MET,GLY,200.0
MET,HIS,185.0
MET,ILE,584.0
MET,LEU,1041.0
MET,LYS,400.0
MET,MET,348.0
MET,PHE,512.0
MET,PRO,303.0
MET,SER,304.0
MET,THR,333.0
MET,TRP,162.0
MET,TYR,401.0
MET,VAL,575.0
PHE,ALA,672.0
PHE,ARG,919.0
PHE,ASN,485.0
PHE,ASP,415.0
PHE,CYS,200.0
PHE,GLN,566.0
PHE,GLU,651.0
PHE,GLY,478.0
PHE,HIS,374.0
PHE,ILE,1048.0
PHE,LEU,1914.0
PHE,LYS,721.0
PHE,MET,512.0
PHE,PHE,1162.0
PHE,PRO,521.0
PHE,SER,524.0
PHE,THR,654.0
PHE,TRP,313.0
PHE,TYR,723.0
PHE,VAL,1021.0
PRO,ALA,443.0
PRO,ARG,992.0
PRO,ASN,406.0
PRO,ASP,445.0
PRO,CYS,114.0
PRO,GLN,544.0
PRO,GLU,654.0
PRO,GLY,362.0
PRO,HIS,344.0
PRO,ILE,535.0
PRO,LEU,974.0
PRO,LYS,644.0
PRO,MET,303.0
PRO,PHE,521.0
PRO,PRO,522.0
PRO,SER,474.0
PRO,THR,448.0
PRO,TRP,266.0
PRO,TYR,651.0
PRO,VAL,490.0
SER,ALA,451.0
SER,ARG,1372.0
SER,ASN,684.0
SER,ASP,629.0
SER,CYS,148.0
SER,GLN,716.0
SER,GLU,898.0
SER,GLY,467.0
SER,HIS,468.0
SER,ILE,565.0
SER,LEU,1074.0
SER,LYS,1021.0
SER,MET,304.0
SER,PHE,524.0
SER,PRO,474.0
SER,SER,708.0
SER,THR,610.0
SER,TRP,185.0
SER,TYR,493.0
SER,VAL,581.0
THR,ALA,496.0
THR,ARG,1086.0
THR,ASN,507.0
THR,ASP,505.0
THR,CYS,127.0
THR,GLN,633.0
THR,GLU,753.0
THR,GLY,402.0
THR,HIS,453.0
THR,ILE,713.0
THR,LEU,1270.0
THR,LYS,782.0
THR,MET,333.0
THR,PHE,654.0
THR,PRO,448.0
THR,SER,610.0
THR,THR,630.0
THR,TRP,228.0
THR,TYR,549.0
THR,VAL,699.0
TRP,ALA,186.0
TRP,ARG,318.0
TRP,ASN,148.0
TRP,ASP,146.0
TRP,CYS,52.0
TRP,GLN,191.0
TRP,GLU,264.0
TRP,GLY,178.0
TRP,HIS,121.0
TRP,ILE,331.0
TRP,LEU,521.0
TRP,LYS,211.0
TRP,MET,162.0
TRP,PHE,313.0
TRP,PRO,266.0
TRP,SER,185.0
TRP,THR,228.0
TRP,TRP,124.0
TRP,TYR,235.0
TRP,VAL,269.0
TYR,ALA,554.0
TYR,ARG,1276.0
TYR,ASN,509.0
TYR,ASP,535.0
TYR,CYS,164.0
TYR,GLN,628.0
TYR,GLU,790.0
TYR,GLY,461.0
TYR,HIS,421.0
TYR,ILE,737.0
TYR,LEU,1396.0
TYR,LYS,817.0
TYR,MET,401.0
TYR,PHE,723.0
TYR,PRO,651.0
TYR,SER,493.0
TYR,THR,549.0
TYR,TRP,235.0
TYR,TYR,592.0
TYR,VAL,721.0
VAL,ALA,642.0
VAL,ARG,976.0
VAL,ASN,489.0
VAL,ASP,437.0
VAL,CYS,170.0
VAL,GLN,640.0
VAL,GLU,719.0
VAL,GLY,457.0
VAL,HIS,414.0
VAL,ILE,1250.0
VAL,LEU,2281.0
VAL,LYS,748.0
VAL,MET,575.0
VAL,PHE,1021.0
VAL,PRO,490.0
VAL,SER,581.0
VAL,THR,699.0
VAL,TRP,269.0
VAL,TYR,721.0
VAL,VAL,1074.0
